Product,Title,Content
pixel5,Head over to r/GooglePixel,"All Pixel related questions/content should be posted in r/GooglePixel

This sub will not allow any posts, as it would be a waste of time. r/GooglePixel has good moderators and a higher sub base."
pixel5,Head over to r/GooglePixel,"All Pixel related questions/content should be posted in r/GooglePixel

This sub will not allow any posts, as it would be a waste of time. r/GooglePixel has good moderators and a higher sub base."
pixel5,Head over to r/GooglePixel,"All Pixel related questions/content should be posted in r/GooglePixel

This sub will not allow any posts, as it would be a waste of time. r/GooglePixel has good moderators and a higher sub base."
